param_linkage,mean_test_refit,mean_test_nm,mean_test_comp,mean_test_homo,mean_fit_time
ward,0.7253167556269091,0.7238664940301329,0.7776793503963869,0.6744044224542074,0.053856849670410156
