param_init,param_algorithm,mean_test_refit,mean_test_nm,mean_test_comp,mean_test_homo,mean_fit_time
k-means++,full,0.6866766471906302,0.6861189405224574,0.7206076792784724,0.6533033217709605,0.11368672053019206
k-means++,elkan,0.679387009452897,0.6787675040587858,0.7152103141338305,0.6441832101660745,0.11136897404988606
random,full,0.6749633267691036,0.6746674894833403,0.6994385224185445,0.650783968405426,0.12300403912862141
random,elkan,0.6427986072889554,0.6421206871203703,0.6762053635746602,0.6100697711718361,0.10372249285380046
