param_linkage,mean_test_refit,mean_test_nm,mean_test_comp,mean_test_homo,mean_fit_time
ward,0.32157856780428073,0.3135553606648157,0.4092084722876616,0.2419718704603648,25.34594464302063
