param_init,param_algorithm,mean_test_refit,mean_test_nm,mean_test_comp,mean_test_homo,mean_fit_time
k-means++,elkan,0.5982090192206974,0.5967071397743173,0.6436288977752095,0.554291020112565,15.530539830525717
random,elkan,0.5956988338023972,0.5944158931054773,0.6420290526436495,0.5506515556580647,17.754220326741535
random,full,0.5751042086457907,0.5733212239284994,0.6294818680593156,0.5225095339495573,17.48593799273173
k-means++,full,0.5224736657574153,0.5201426140115951,0.5820152186557387,0.46526316460491224,18.053853670756023
